feature_set,threshold,train_accuracy,train_precision,train_recall,train_auc,test_accuracy,test_precision,test_recall,test_auc,accuracy_gap,precision_gap,recall_gap,auc_gap
base_all,0.5,0.7367129325866699,0.7263632416725159,0.7132173776626587,0.8223301768302917,0.7391946315765381,0.7285673022270203,0.7130261659622192,0.8248534202575684,-0.002481698989868164,-0.0022040605545043945,0.00019121170043945312,-0.0025232434272766113
engineered_all,0.5,0.7225974202156067,0.7120492458343506,0.6963582634925842,0.8013412356376648,0.7385234832763672,0.7194848656654358,0.7309442758560181,0.8242068290710449,-0.015926063060760498,-0.007435619831085205,-0.03458601236343384,-0.022865593433380127
top12,0.5,0.7338395118713379,0.7226241230964661,0.7116243839263916,0.8201115727424622,0.7370469570159912,0.7238999009132385,0.7158703207969666,0.8229122161865234,-0.0032074451446533203,-0.001275777816772461,-0.004245936870574951,-0.0028006434440612793
